Numéro;Proposition
1;Exigence du retrait des troupes soviétiques de l'Afghanistan.
2;Condamnation de l'aide apportée par les Etats-Unis aux dictatures d'Amérique latine.
3;Affirmation du droit des travailleurs polonais aux libertés et au respect de l'indépendance syndicale.
4;Paix au Moyen-Orient par la garantie de la sécurité d'Israël, dans les frontières sûres et reconnues, le droit du peuple palestinien à disposer d'une patrie, l'unité du Liban.
5;"Indépendance du Tchad ; respect de la souveraineté du Cambodge ; soutien au droit à l'autodétermination de l'Erythrée et du Sahara occidental."
6;Désarmement progressif et simultané en vue de la dissolution des blocs militaires, dans l'équilibre préservé des forces en présence.
7;Action internationale énergique contre la dissémination de l'arme nucléaire et pour le renforcement du contrôle des centrales nucléaires.
8;Ouverture d'une négociation sur la sécurité collective en Europe, à partir de la conférence sur la réduction des forces et des tensions proposée par les socialistes français.
9;Priorité au dialogue Nord-Sud pour la mise en place d'un nouvel ordre économique mondial. Aide publique au tiers-monde portée à 0,70 % du PNB.
10;"Définition d'un nouveau système monétaire mondial par la réforme du FMI, de la Banque mondiale et du « panier de monnaies » ; un moratoire et de nouvelles liquidités pour les pays pauvres."
11;Application stricte du traité de Rome. Marché commun : poursuite de la démocratisation de ses institutions et mise en œuvre immédiate de ses dispositions sociales.
12;Avant toute adhésion à la CEE de l'Espagne et du Portugal, respect de quatre préalables (agricole, industriel, régional et sur la pêche maritime).
13;Création d'un Conseil des peuples méditerranéens.
14;Un programme de relance économique fixera, dès la prochaine session de la législature, les premières orientations : emploi, prix, développement technologique, cadre de vie.
15;Des actions industrielles seront immédiatement lancées dans les secteurs de l'électronique, de l'énergie, des biens d'équipement, des transports, chimie, sidérurgie...
16;Un programme de grands travaux publics, de construction de logements sociaux et d'équipements collectifs sera engagé dès le deuxième semestre de 1981.
17;La recherche sera stimulée pour atteindre d'ici 1985 2,5 % du PNB. Aides pour les PME.
18;"150 000 emplois seront créés dans les services publics et sociaux ; 60 000 emplois d'utilité collective pour les associations et collectivités locales."
19;Le Plan, démocratisé et décentralisé, donnera un nouveau contenu au développement économique.
20;Le franc sera défendu contre les manœuvres spéculatives.
21;Le secteur public sera élargi par la nationalisation de 9 groupes industriels, de la sidérurgie, de l'armement et de l'espace. La nationalisation du crédit et des assurances sera achevée.
22;"Le contrat de travail à durée indéterminée redeviendra la base des relations du travail ; capacités d'intervention du syndicat étendues."
23;La durée du travail sera progressivement réduite à 35 heures. 5ème semaine de congés payés généralisée.
24;L'Agence nationale pour l'emploi (ANPE) sera démocratisée et transformée en un grand service public de l'emploi.
25;Une loi fixera les conditions d'évolution de la révision des loyers et de la répartition des charges.
26;L'épargne sera fortement encouragée. Un livret A par famille sera indexé sur les prix.
27;Des bonifications d'intérêt ou avantages fiscaux pour contribuer à la réalisation des objectifs de la politique économique, en particulier industries de main-d'œuvre.
28;Les prix des produits pour lesquels la concurrence ne joue pas seront contrôlés. Circuits de distribution réformés.
29;L'artisanat et le petit commerce verront leur rôle social et humain reconnu et protégé.
30;L'assiette des cotisations patronales de la Sécurité sociale sera modifiée afin de ne pas pénaliser les entreprises de main-d'œuvre.
31;Le SMIC sera relevé. Le minimum vieillesse porté aux deux tiers du revenu moyen. Prestations familiales revalorisées de 50 %. Indemnités de chômage fortement augmentées.
32;Les taux de la TVA seront ramenés au taux zéro pour les produits de première nécessité.
33;De nouvelles prestations familiales seront progressivement substituées au quotient familial par enfant qui sera plafonné.
34;Un impôt sur les grandes fortunes sera institué. Réforme des droits de succession pour alléger les successions modestes et surtaxer les grosses.
35;L'impôt direct sera allégé pour les petits contribuables, renforcé pour les gros revenus. L'avoir fiscal sera supprimé.
36;Règlement des contentieux concernant les anciens combattants. Carte de combattant aux anciens d'Algérie.
37;Nouvelle loi d'indemnisation pour les rapatriés, limitée pour les grosses fortunes.
38;Le programme nucléaire sera limité aux centrales en cours de construction, dans l'attente d'un référendum. Crédits pour énergies nouvelles augmentés.
39;Vaste programme d'investissement pour économiser l'énergie.
40;Une loi-cadre garantira le contrôle des citoyens et élus sur toutes les décisions touchant au nucléaire.
41;Réforme de la politique agricole commune (PAC) pour supprimer les inégalités de revenus.
42;Statut reconnu aux femmes d'agriculteurs. Installation des jeunes encouragée. Soutien à l'agriculture de montagne.
43;Création d'offices fonciers cantonaux pour protéger la terre contre la spéculation.
44;Une politique de la pêche maritime sera mise en œuvre.
45;Le mandat présidentiel sera ramené à cinq ans renouvelable une fois, ou limité à sept ans sans possibilité d'être renouvelé.
46;Le Parlement retrouvera ses droits constitutionnels. Recours au vote bloqué limité.
47;Représentation proportionnelle instituée à l'Assemblée nationale et conseils régionaux/municipaux. Chaque liste comportera au moins 30 % de femmes.
48;La représentation parlementaire des Français de l'étranger sera assurée de façon démocratique.
49;Moralisation de la vie publique : déclarations de patrimoine des élus et ministres.
50;La justice fera toute la lumière sur les affaires impliquant des personnalités publiques.
51;L'indépendance des magistrats sera assurée par la réforme du Conseil supérieur de la magistrature.
52;Abrogation des juridictions d'exception (Cour de sûreté), de la loi « anticasseurs » et de la loi « Sécurité et liberté » (loi Peyrefitte).
53;Abrogation de la peine de mort.
54;La décentralisation de l'Etat sera prioritaire. Suppression de la tutelle préfectorale sur les collectivités locales.
55;La Corse recevra un statut particulier.
56;Promotion et protection des langues et cultures régionales.
57;L'identité des DOM-TOM sera reconnue et respectée, avec une véritable décentralisation.
58;Egalité des droits pour les travailleurs immigrés, droit de vote aux élections municipales après cinq ans de résidence.
59;Le droit d'association (loi de 1901) sera garanti pour tous. Fin des entraves aux associations de résidents étrangers.
60;Le secteur de l'économie sociale (coopératives, mutuelles) sera favorisé.
61;Liberté et droits des femmes : égalité professionnelle, centres d'orthogénie, remboursement de l'IVG et de la contraception par la Sécurité sociale.
62;Les droits de l'enfant seront protégés.
63;Refonte complète du système de l'audiovisuel. Fin du monopole d'Etat de l'information (ORTF), liberté des radios locales sous contrôle.
64;Garantie de l'indépendance de la presse écrite (transparence, aides).
65;Création d'un Conseil national de l'audiovisuel indépendant.
66;Retraite à 60 ans pour les hommes et à 55 ans pour les femmes.
67;Garantie d'une véritable sécurité pour les personnes et les biens dans les villes.
68;Création d'un service public unifié et laïque de l'Education nationale.
69;Le budget de la culture sera porté à 1% du budget de l'Etat.
70;Soutien accru à la création artistique et au spectacle vivant.
71;Renforcement des bibliothèques et du réseau de lecture publique.
72;Démocratisation de l'accès au sport pour tous.
73;Développement de l'éducation physique et sportive à l'école.
74;Mise en place d'une médecine du travail réellement indépendante des employeurs.
75;Création de centres de santé intégrés (prévention, soins).
76;Garantie de l'accès aux soins pour tous sans discrimination financière.
77;Renforcement du rôle des comités d'hygiène et de sécurité (CHSCT) dans les entreprises.
78;Politique de prévention des risques professionnels (accidents du travail, maladies professionnelles).
79;Participation des salariés à la gestion de leur entreprise, droit d'expression directe.
80;Lutte contre les pollutions industrielles, de l'air et de l'eau.
81;Protection des espaces naturels sensibles et des parcs nationaux.
82;Droit de vivre au pays : aménagement du territoire pour freiner l'exode rural.
83;Mise en œuvre d'une politique de transports en commun privilégiant le rail et les transports urbains.
84;Lutte contre la spéculation foncière urbaine pour faciliter le logement social.
85;Aide à l'amélioration de l'habitat ancien, lutte contre l'insalubrité.
86;Défense des consommateurs : droit à l'information, soutien aux associations de consommateurs.
87;Création d'une Haute Cour de l'environnement.
88;Droit aux loisirs et au tourisme social : développement des villages vacances, auberges de jeunesse.
89;Protection de la faune et de la flore, encadrement de la chasse.
90;Soutien aux mouvements de jeunesse et d'éducation populaire.
91;Favoriser l'insertion professionnelle des jeunes (plan d'urgence, formation en alternance).
92;Développement de la formation professionnelle continue accessible à tous les salariés.
93;Les collèges seront rénovés (collège unique renforcé, soutien scolaire).
94;Revalorisation de l'enseignement technique et professionnel.
95;Démocratisation de l'enseignement supérieur, autonomie et pluridisciplinarité des universités.
96;Statut garanti pour les enseignants et les chercheurs (revalorisation).
97;Réduction des effectifs par classe dans l'enseignement primaire et secondaire.
98;La formation des maîtres sera repensée et allongée.
99;La recherche fondamentale sera préservée et ses crédits sanctuarisés.
100;Lutte contre toutes les formes de racisme, d'antisémitisme et de xénophobie.
101;Respect de la vie privée face au développement de l'informatique (renforcement de la CNIL).
102;Humanisation et réforme du système pénitentiaire.
103;Droit d'asile scrupuleusement respecté pour les réfugiés politiques.
104;Aide aux personnes handicapées pour l'intégration scolaire, sociale et professionnelle.
105;Maintien à domicile des personnes âgées, développement des services d'aide.
106;Renforcement des droits des malades (information, consentement).
107;Liberté de création dans l'audiovisuel, pas de censure.
108;Lutte contre la concentration des médias et des monopoles de la presse écrite.
109;Développement des relations culturelles et scientifiques internationales de la France.
110;Une diplomatie active pour la paix, l'indépendance nationale et le droit des peuples à disposer d'eux-mêmes.
