Citation,Auteur,Source (Livre/Discours)
Régime oblige : le pouvoir absolu a des raisons que la République ne connaît pas.,François Mitterrand,
"Quand la France rencontre une grande idée, elles font ensemble le tour du monde.",François Mitterrand,
Il y a toujours un avenir pour ceux qui pensent à l’avenir.,François Mitterrand,
"Être d'accord avec soi-même, je ne connais pas meilleur bulletin de santé !",François Mitterrand,
Que serait la francophonie si personne ne parlait français ?,François Mitterrand,
"Pour dire oui, il faut pouvoir dire non.",François Mitterrand,
"Si la jeunesse n'a pas toujours raison, la société qui la méconnaît et qui la frappe a toujours tort.",François Mitterrand,
Quel premier communiant n'a rêvé d'être pape ?,François Mitterrand,
"Gouverner, ce n'est pas plaire.",François Mitterrand,
"Quand l'Europe ouvre la bouche, c'est pour bâiller.",François Mitterrand,
"Etre enseignant, ce n'est pas un choix de carrière, c'est un choix de vie.",François Mitterrand,
La pire erreur n'est pas dans l'échec mais dans l'incapacité de dominer l'échec.,François Mitterrand,
Qu'est-ce que la vieillesse ? C'est d'abord perdre la curiosité.,François Mitterrand,
"Les Français commencent à comprendre que c’est l’entreprise qui crée la richesse, qui détermine notre niveau de vie et notre place dans la hiérarchie mondiale.",François Mitterrand,
"Le courage consiste à dominer sa peur, non pas à ne pas avoir peur.",François Mitterrand,
Dans les épreuves décisives on ne franchit correctement l'obstacle que de face.,François Mitterrand,L’abeille et l’architecte
"Je suis né chrétien, et je mourrai sans doute en cet état. Dans l'intervalle...",François Mitterrand,La paille et le grain
"L'intelligence ? C'est la chose du monde la mieux partagée. La volonté, ça, c'est plus rare.",François Mitterrand,
"Dans les meetings, jadis, j'expliquais que 2 x 2 égale parfois 5. Quelquefois, lorsqu'on se trompe, ça peut faire 3.",François Mitterrand,
Poser une question qui ne se pose pas est la plus sûre façon de prouver qu'elle se pose.,François Mitterrand,
"On crée pour l’éternité, même si elle se charge de démentir.",François Mitterrand,
Dieu ? Je ne sais pas si j’y crois. J’ai des regrets de ne plus avoir une conception aussi simple de la création et de son créateur.,François Mitterrand,
L’homme politique s’exprime d’abord par ses actes ; c’est d’eux dont il est comptable ; discours et écrits ne sont que des pièces d’appui au service de son oeuvre d’action.,François Mitterrand,
J’entend toujours dire que Dieu est juste. Je me demande ce qui permet d’appuyer cette assertion.,François Mitterrand,
Les grandes fortunes ne se font pas sur les chemins de la vertu.,François Mitterrand,
"Comme d'autres le cannabis, on cultive chez nous le vague à l'âme, petite drogue douce et délétère.",François Mitterrand,
"Il ne faut pas changer, ou alors il faut que le changement soit devenu une habitude.",François Mitterrand,
Un dictateur n'a pas de concurrent à sa taille tant que le peuple ne relève pas le défi.,François Mitterrand,Le Coup d'état permanent
L'histoire passe par les mêmes chemins que la géographie.,François Mitterrand,
L'économie c'est simple. C'est deux colonnes : une colonne dépenses et une colonne recettes. N'importe quelle ménagère vous le dirait.,François Mitterrand,
Ma liberté ne vaut que si j'assume celle des autres. La liberté de nos adversaires n'est-elle pas aussi la nôtre ?,François Mitterrand,L’abeille et l’architecte
La clarté est la forme la plus difficile du courage.,François Mitterrand,
"Sans tomber dans un excès de réalisme, c'est tout de même la moindre des choses de considérer que l'Allemagne est en Europe.",François Mitterrand,
"A côté des vrais grands hommes existent ceux qui croient l'être, innombrables, perchés à chaque étage de l'échelle des grandeurs.",François Mitterrand,
"Pourquoi a-t-on tant lutté pour la liberté ? Parce qu'elle est comme le pain, existentielle.",François Mitterrand,
"Le mal que l'on imagine est insupportable, celui que l'on subit est presque toujours supportable.",François Mitterrand,
"Il n'est pas de bonnes blessures pour la liberté, elles sont toutes mortelles.",François Mitterrand,
L’homme ne pourra plus accepter de travailler sans créer ni participer aux décisions.,François Mitterrand,
"Avant d’avoir abordé le monde, on est très exigeant. Pour soi-même et pour le monde.",François Mitterrand,
"L'habitude, ce confort mortel.",François Mitterrand,
La liberté de la presse présente des inconvénients. Mais moins que l'absence de liberté.,François Mitterrand,
"La vieillesse n'est pas une question de mort, c'est une question de santé puisque la mort est certaine.",François Mitterrand,
Une politique qui se borne à brasser des rêves les trompe tous. Une politique qui les ignore se trompe sur la nature de ceux qu'elle prétend conduire.,François Mitterrand,
"Ecrire, c'est vider son sac.",François Mitterrand,
"Il est quelquefois bon d'être pessimiste, cela évite un sommeil prolongé.",François Mitterrand,
L'égalité n'est jamais acquise ; c'est toujours un combat.,François Mitterrand,
"Si j'aime ceux qui se posent des questions, je me méfie de ceux qui trouvent.",François Mitterrand,L’abeille et l’architecte
"Laissez la tyrannie régner sur un mètre carré, elle gagnera bientôt la surface de la terre.",François Mitterrand,L’abeille et l’architecte
"Le journaliste, lui peut écrire n'importe quoi et se tromper sur tout, cela ne change rien, ses journaux se vendent toujours aussi bien ou aussi mal.",François Mitterrand,
"Sur le chantier de ces valeurs toujours neuves, pour ces combats de chaque jour qui se nomment liberté, égalité, fraternité, aucun volontaire n’est de trop.",François Mitterrand,
"Dans la vie politique, il faut être offensif. Si on se défend, on a déjà perdu.",François Mitterrand,
Un caractère fort qui s'abaisse va toujours plus loin dans le zèle qu'un faible qui n'a pas à battre monnaie de son abnégation.,François Mitterrand,
L'humeur des juges n'entre pas dans le code pénal.,François Mitterrand,
"Tout se ramène à ceci : gagner ou perdre. On ne reste jamais stationnaire. Car ne pas bouger, c'est commencer à perdre.",François Mitterrand,
L'excès du langage est un procédé coutumier à celui qui veut faire diversion.,François Mitterrand,L’abeille et l’architecte
"La vie... On commence, on continue, on vieillit, on disparaît. C’est un rythme général.",François Mitterrand,
Le sentiment d'injustice ne suffit pas pour vaincre l'injustice.,François Mitterrand,
"En politique on n'est le père de personne... On a quelques amis, parfois deux ou trois disciples, mais des enfants jamais.",François Mitterrand,
Le progrès n'a que l'âme de celui qui s'en sert.,François Mitterrand,
Mieux vaut maintenir en place un adversaire docile qu'installer un ami indocile.,François Mitterrand,
"Le centre, variété molle de la droite.",François Mitterrand,L’abeille et l’architecte
"La démocratie, c'est aussi le droit institutionnel de dire des bêtises.",François Mitterrand,
C'est blesser un peuple au plus profond de lui-même que de l'atteindre dans sa culture et sa langue.,François Mitterrand,
Il y a des pouvoirs collectifs qui sont aussi dangereux que le pouvoir personnel.,François Mitterrand,
"Quand le franc s'enfièvre, c'est la France qui est malade.",François Mitterrand,L’abeille et l’architecte
"Je ne me plains pas de la presse, soit que je me sois habitué, soit que je me sois résigné.",François Mitterrand,
"Penser aux morts, c’est assurer la survie des gens qu’on a aimés, en attendant que d’autres le fassent pour vous.",François Mitterrand,
"L'inflation, impôt pour les pauvres, prime pour les riches, est l'oxygène du système. Regardez-le qui s'époumone.",François Mitterrand,L’abeille et l’architecte
Les évidences doivent être souvent rappelées. Je me demande même si je ne passe pas l'essentiel de mon temps à ça.,François Mitterrand,
"Pour parler de l'armée en connaissance de cause, il faut avoir été deuxième classe.",François Mitterrand,
"La politique est la servante de la science, et l'humble interprète de la philosophie. Elle n'a pas la vertu créatrice de l'art.",François Mitterrand,
"Dans la vie, il faut essayer d'aménager les cycles qui vont de la lassitude à l'enthousiasme.",François Mitterrand,
"Les responsabilités nous envahissent, c'est vrai. Mais, sans elles, qu'est-ce qu'on s'ennuie.",François Mitterrand,
Qui aime la mort aime la vie.,François Mitterrand,
La dictature du micro est aussi celle des idiots.,François Mitterrand,
"Je suis agnostique. Ce qui ne veut pas dire que je ne crois pas, mais que je ne sais pas si je crois.",François Mitterrand,
Il est dans la nature d’une grande nation de concevoir de grands desseins.,François Mitterrand,
"Dans la vie politique, on ne se fait pas, on ne se crée pas de véritables amitiés. On a quelques bons compagnons.",François Mitterrand,
"La liberté n'est peut-être, en fin de compte, pour chacun, que la simple possession du silence.",François Mitterrand,
"Les femmes sont beaucoup moins bien que les hommes. Mais quand elles sont mieux, elles sont beaucoup mieux qu'eux.",François Mitterrand,
La liberté et la démocratie exigent un effort permanent. Impossible à qui les aime de s'endormir.,François Mitterrand,
"On n'apprend rien par la parole, mais tout par l'exemple.",François Mitterrand,
"L'homme d'Etat se distingue à sa capacité de prendre en compte les terres inconnues, une fois le reste exploré.",François Mitterrand,L’abeille et l’architecte
"On ne s'use que si on sert, bien qu'on sache que ceux qui ne servent à rien s'usent beaucoup !",François Mitterrand,
"Qui a peur de son ombre attend midi pour se lever. Pendant ce temps, les autres courent.",François Mitterrand,L’abeille et l’architecte
"""Dis-moi par qui tu fais juger et je te dirai qui tu es"". Il n'est pas en politique d'axiome plus sûr.",François Mitterrand,Le Coup d'état permanent
"La foi, lorsqu’elle s’empare d’un esprit ou d’une âme, est plus forte que la raison scientifique.",François Mitterrand,
"Si on ne rejette pas le monde, il faut vouloir le conquérir.",François Mitterrand,
Le rôle du politique dans l'art n'est pas de se donner en spectacle.,François Mitterrand,
"L'action politique, à certaines heures, est comme le scalpel du chirurgien, elle ne laisse pas de place à l'incertitude.",François Mitterrand,
"Quand un ministre s'exprime à la télé, on a toujours l'impression qu'il commence à s'excuser.",François Mitterrand,
